{"SMA":6926587.4667560291,"Ecc":0.0022850484,"Inc":1.1339680298,"RAAN":0.9017742488,"ArgP":-0.718211389,"MeanAnom":1.0851044559,"EquEx":0.0022466586,"EquEy":0.0004170984,"EquHx":0.3949069907,"EquHy":0.4994626704,"EquLm":1.2686673157,"SpecificEnergy":-28773219.4254176654,"LRL0":0.0015661628,"LRL1":0.0009551408,"LRL2":-0.0013624553,"SpecificAngularMomentum0":37347025546.3349380493,"SpecificAngularMomentum1":-29528936481.9724845886,"SpecificAngularMomentum2":22229889772.9803733826,"labels":0,"x":3167189.028847184,"y":5716617.9641397614,"z":2272641.0117320628,"vx":-4049.0642573827,"vy":-289.5512993941,"vz":6417.9519461473}
